artist,track_name,arousal,valence,tempo,rms_mean,rms_std,centroid_mean,rolloff_mean,zcr_mean,mfcc_0_mean,mfcc_1_mean,mfcc_2_mean,mfcc_3_mean,mfcc_4_mean,mfcc_5_mean,mfcc_6_mean,mfcc_7_mean,mfcc_8_mean,mfcc_9_mean,mfcc_10_mean,mfcc_11_mean,mfcc_12_mean,mfcc_0_std,mfcc_1_std,mfcc_2_std,mfcc_3_std,mfcc_4_std,mfcc_5_std,mfcc_6_std,mfcc_7_std,mfcc_8_std,mfcc_9_std,mfcc_10_std,mfcc_11_std,mfcc_12_std,chroma_0,chroma_1,chroma_2,chroma_3,chroma_4,chroma_5,chroma_6,chroma_7,chroma_8,chroma_9,chroma_10,chroma_11,contrast_0,contrast_1,contrast_2,contrast_3,contrast_4,contrast_5,contrast_6,mood_id,mood
Miles Davis,So What,0.4418016002217027,0.6053045007155883,69.83741554054055,0.06460526585578918,0.031927477568387985,0.11684904130828114,0.24245707531519572,0.11343385814117452,-177.9295654296875,70.32486724853516,-2.7763688564300537,26.6534366607666,4.517312526702881,0.6123133301734924,0.2552278935909271,2.0847585201263428,-7.514546871185303,4.080374717712402,0.5277726650238037,6.4362311363220215,3.9523894786834717,49.15839385986328,22.71466827392578,19.95953369140625,12.532388687133789,8.760454177856445,8.152710914611816,9.309597969055176,9.148242950439453,8.254875183105469,7.298152923583984,7.210020065307617,8.313398361206055,8.897880554199219,0.39454758167266846,0.3203376531600952,0.395444393157959,0.3195534348487854,0.31849363446235657,0.3017667233943939,0.22816792130470276,0.2015901654958725,0.21551530063152313,0.2832847833633423,0.2443140298128128,0.2761217951774597,18.13471106405228,16.7276864496826,21.54092481625064,21.084747080207244,21.51574110289572,21.52619487869693,49.482060011369576,0,blue
Norah Jones,Come Away with Me,0.4870245224817352,0.6143818359807854,80.74951171875,0.10791024565696716,0.06403981149196625,0.09021223911663943,0.19738330021414052,0.0652845074767712,-182.02664184570312,102.73287963867188,25.150243759155273,26.34221649169922,9.729263305664062,3.0958404541015625,1.0413751602172852,-0.684683620929718,-4.659496307373047,-2.329552173614502,-4.894296646118164,-2.0472400188446045,0.6734797954559326,48.955177307128906,30.354135513305664,26.128952026367188,19.027986526489258,12.171855926513672,15.496718406677246,11.410604476928711,10.133708953857422,9.991474151611328,9.527608871459961,8.355663299560547,8.436277389526367,9.212721824645996,0.4885448217391968,0.27352532744407654,0.2616889476776123,0.23075661063194275,0.3009016215801239,0.1878155618906021,0.21499566733837128,0.4262068271636963,0.2008969634771347,0.17117619514465332,0.16777703166007996,0.3107472062110901,18.787785555255294,19.78278125197378,22.175021589005976,20.406115156761835,18.543314980052415,16.950585888643943,47.159701454866855,1,calm
Nick Drake,Pink Moon,0.4700862638145252,0.6366293226380462,117.45383522727273,0.09064087271690369,0.03129864111542702,0.06546094314433427,0.14027926708877994,0.04707889376815541,-188.05799865722656,126.67801666259766,8.245954513549805,31.349369049072266,2.859856605529785,9.129352569580078,-3.3767502307891846,6.469320297241211,3.2879505157470703,1.7736917734146118,-10.123493194580078,4.158502578735352,-11.779668807983398,60.14145278930664,27.44788932800293,13.917211532592773,9.262225151062012,7.498539924621582,7.242642402648926,6.5687737464904785,8.150715827941895,8.010350227355957,7.687620639801025,7.504817485809326,7.865660190582275,8.01358413696289,0.34334421157836914,0.21893607079982758,0.30418750643730164,0.6595519781112671,0.4321683645248413,0.43857160210609436,0.29161226749420166,0.3453565835952759,0.2863423228263855,0.23859938979148865,0.406676709651947,0.30333688855171204,22.694728217048944,17.091935203910854,19.56008738917327,20.060103676865154,20.682614960175417,20.58950002511531,51.37586068221995,1,calm
Brian Eno,Music for Airports,0.3885358554172768,0.6097801076967249,117.45383522727273,0.03812252730131149,0.02447059564292431,0.09888811433740452,0.23574145185969866,0.07030207842906466,-300.90185546875,85.75750732421875,5.267629146575928,-12.515080451965332,-24.3150691986084,2.622979164123535,12.714508056640625,0.1582472026348114,-23.991928100585938,7.156282901763916,-1.763756513595581,-0.4128720164299011,-21.400211334228516,72.18746948242188,17.416034698486328,12.212577819824219,8.922737121582031,7.471858024597168,8.233749389648438,6.515289783477783,5.3079047203063965,6.977534770965576,5.2744293212890625,7.001283645629883,7.119678020477295,6.881961345672607,0.28338658809661865,0.1731516420841217,0.09965512156486511,0.3267941474914551,0.1948665976524353,0.3186083436012268,0.11664072424173355,0.1461772322654724,0.4691682755947113,0.16588398814201355,0.05254285782575607,0.07294445484876633,17.795117799988237,23.0276288927349,25.82979183323196,23.29650793400784,21.652055400765676,17.86824264364128,50.09404649295812,0,blue
Mazzy Star,Fade Into You,0.688814337944094,0.6103494564173946,161.4990234375,0.1437947005033493,0.041092026978731155,0.09393958412685517,0.23268213248777506,0.06214721978147922,-116.0165786743164,101.73236083984375,15.809779167175293,28.0093936920166,21.333261489868164,9.125141143798828,4.5537567138671875,7.601853847503662,-4.356033802032471,5.022137641906738,0.8374713659286499,4.548016548156738,-1.0183427333831787,36.7826042175293,19.897682189941406,15.168891906738281,9.991988182067871,8.88475227355957,9.628987312316895,7.880242824554443,7.507817268371582,9.097514152526855,6.88059663772583,6.870776653289795,7.057761192321777,5.74641752243042,0.3069334924221039,0.2775903642177582,0.2930218279361725,0.30487409234046936,0.3931511342525482,0.2556821405887604,0.3851523995399475,0.34306687116622925,0.5373525619506836,0.5131754279136658,0.3867972195148468,0.40027475357055664,18.649360211538422,15.756933570362564,18.943487091458156,17.98805534084506,18.484082405883616,20.97796766747254,50.71821052342452,4,energetic
Elliott Smith,Between the Bars,0.5506053434187599,0.6259114431349236,135.99917763157896,0.12021747976541519,0.04484828561544418,0.057543395582233356,0.11358807963709677,0.03662707913306452,-213.60797119140625,127.62554168701172,16.311874389648438,29.755802154541016,16.468181610107422,21.116470336914062,5.907475471496582,11.077371597290039,-3.602815866470337,-3.0220210552215576,-14.786722183227539,4.8920416831970215,-2.8499691486358643,52.36798095703125,31.65281867980957,17.969877243041992,14.784893989562988,10.74956226348877,9.920388221740723,8.850436210632324,8.461913108825684,7.8277201652526855,10.297011375427246,6.856775760650635,7.222494602203369,8.013163566589355,0.1561117321252823,0.20020487904548645,0.4046146869659424,0.4261495769023895,0.33978787064552307,0.29074448347091675,0.3301321566104889,0.3989029824733734,0.28772225975990295,0.3000364303588867,0.35553836822509766,0.1807529330253601,21.730956045379116,19.854899178233254,22.027835371886212,20.249626444063853,19.96160305893048,18.88930784913171,49.664061166568274,1,calm
Sufjan Stevens,Death With Dignity,0.4122445976139764,0.6147417785502163,112.34714673913044,0.05284655839204788,0.02570449188351631,0.06952649863500808,0.12826329385080645,0.07466796875,-259.5391845703125,132.25010681152344,-16.73707389831543,21.295368194580078,-5.051366329193115,0.4875764846801758,-19.4388427734375,-9.220527648925781,-16.885414123535156,-14.654574394226074,-12.604439735412598,-14.174964904785156,-11.934319496154785,91.65956115722656,40.28361129760742,24.904775619506836,15.321268081665039,12.705265045166016,11.022836685180664,11.105114936828613,9.694682121276855,9.222535133361816,9.988932609558105,9.59469985961914,9.502570152282715,9.23982048034668,0.19969220459461212,0.3325304090976715,0.11552166193723679,0.21899248659610748,0.43736037611961365,0.24473871290683746,0.3361881673336029,0.23411329090595245,0.3122975528240204,0.2618817389011383,0.21603435277938843,0.37063634395599365,18.78620579478199,16.454529711812327,22.21307144082271,21.00268561398369,20.04934344467429,18.929986748974596,50.13666994027836,1,calm
Bon Iver,Skinny Love,0.471924041863402,0.6105764773497584,75.99954044117646,0.08783227950334549,0.06115527078509331,0.09432128734926672,0.19386320867203052,0.09351476961678833,-174.34228515625,95.40792846679688,-4.361105918884277,15.633971214294434,-0.07620188593864441,3.648233413696289,-2.685924768447876,-3.2528367042541504,-13.946293830871582,2.1796131134033203,-4.747396469116211,-7.417385101318359,-9.9750337600708,112.32417297363281,26.029327392578125,22.78519630432129,14.726871490478516,14.714810371398926,8.727961540222168,10.353137016296387,9.689787864685059,9.350106239318848,8.351665496826172,10.151191711425781,8.184452056884766,7.8581976890563965,0.45926135778427124,0.2660920023918152,0.32403817772865295,0.32397398352622986,0.5508092641830444,0.373571515083313,0.2974165678024292,0.3434736132621765,0.17527681589126587,0.22593484818935394,0.17385634779930115,0.3412066102027893,18.804845861386074,16.977145366676446,20.610785051723024,19.673869887133158,20.128329844614846,20.31677687009752,49.488367242625465,0,blue
Billie Holiday,Strange Fruit,0.44998654041979624,0.6327028723369139,135.99917763157896,0.05693414434790611,0.03870667517185211,0.06362318600067148,0.11098806565450255,0.07054086102033406,-301.1148681640625,141.77757263183594,5.285221099853516,33.64186477661133,3.3345518112182617,-7.527828693389893,-2.962904930114746,-3.0355944633483887,-11.495016098022461,0.7487349510192871,-6.920729160308838,-12.917313575744629,-8.228137016296387,86.66082000732422,45.16455841064453,43.09061050415039,24.1440486907959,14.655768394470215,20.314165115356445,11.808968544006348,13.22733211517334,12.991896629333496,11.655396461486816,9.728621482849121,10.208731651306152,9.894887924194336,0.2707209289073944,0.2828361690044403,0.425479531288147,0.35480666160583496,0.17492146790027618,0.19433557987213135,0.23473890125751495,0.4161141514778137,0.4351199269294739,0.2667604088783264,0.19714047014713287,0.21049368381500244,22.515057296351163,17.922232961755775,22.407780629284918,21.525387849849793,20.568984194024328,21.018963725891705,47.719719848550625,1,calm
Johnny Cash,Hurt,0.501818607311371,0.621271248584595,92.28515625,0.11584353446960449,0.07376103848218918,0.06213233632283005,0.12121490524269116,0.055837193707833584,-186.2690887451172,142.86366271972656,-6.9088006019592285,25.081878662109375,6.623558044433594,3.8663840293884277,0.20896433293819427,-0.832526683807373,-14.281129837036133,-7.158012866973877,-3.9035043716430664,-6.313222408294678,-4.8456950187683105,93.58621215820312,31.285436630249023,24.22418975830078,16.68769645690918,14.94295597076416,14.531180381774902,10.562674522399902,9.325906753540039,11.642204284667969,9.387738227844238,9.943865776062012,9.857852935791016,7.333302974700928,0.36700743436813354,0.25352758169174194,0.28779757022857666,0.23432284593582153,0.351362407207489,0.22183190286159515,0.22471217811107635,0.38662034273147583,0.3707689046859741,0.5259955525398254,0.35719501972198486,0.37160724401474,21.22523273121976,18.380326348874586,22.40477324853071,19.841517917165433,20.55830436233936,21.045907814077456,49.018002322518626,1,calm
Amy Winehouse,Back to Black,0.6910446158269902,0.6072633038807795,123.046875,0.2694541811943054,0.08794185519218445,0.08944895463835438,0.18393460181451612,0.0972297127016129,-36.84897994995117,116.01195526123047,-13.835360527038574,25.9180850982666,-7.812690258026123,14.741194725036621,-5.015719413757324,12.647978782653809,-5.612720012664795,8.337993621826172,-5.683474063873291,-0.8232975006103516,0.7482093572616577,48.399227142333984,33.75272750854492,21.70049285888672,13.437666893005371,13.068740844726562,13.113198280334473,9.484241485595703,9.231292724609375,10.406554222106934,10.1317720413208,8.65559196472168,7.215983867645264,6.94133186340332,0.3067965507507324,0.42588457465171814,0.5444968938827515,0.3160851299762726,0.29506221413612366,0.2698664367198944,0.21665459871292114,0.26092851161956787,0.35301584005355835,0.6171289682388306,0.4014681577682495,0.3244108259677887,17.999087765033977,15.656641450948246,19.023819248236137,20.23602708701667,19.70763509173817,19.185638899839994,52.83124985958386,4,energetic
The National,Sorrow,0.629458705391611,0.6194658845337256,123.046875,0.244286447763443,0.07120639830827713,0.07180493608105001,0.1506508998275236,0.05501018405047204,-58.80663299560547,129.94142150878906,1.9208791255950928,18.350231170654297,3.557182550430298,8.278050422668457,2.5197832584381104,3.254703998565674,-2.7521326541900635,3.306527853012085,3.310570001602173,2.118557929992676,1.0464013814926147,40.885963439941406,26.090965270996094,16.299470901489258,8.66989803314209,9.879091262817383,10.41193962097168,6.683901309967041,7.659127235412598,10.021068572998047,6.384605407714844,6.614224433898926,5.665344715118408,5.899143695831299,0.3649270832538605,0.6034465432167053,0.3010285496711731,0.34285804629325867,0.4067343771457672,0.38130810856819153,0.43581947684288025,0.4013691246509552,0.5692224502563477,0.4392941892147064,0.3186667561531067,0.3689826428890228,20.353126353606765,14.525187603865584,18.002869477472213,17.042866197652337,17.162348161390337,17.193141334686665,47.9874349521147,2,focus
Radiohead,How to Disappear Completely,0.578514131034357,0.6232463594030517,103.359375,0.15442928671836853,0.041318729519844055,0.060187171177623636,0.11907325140704429,0.04156418788580247,-137.785888671875,136.73690795898438,17.780729293823242,21.35801887512207,10.840790748596191,10.083039283752441,-4.186731815338135,0.6355574131011963,-0.08205942064523697,4.6453166007995605,-5.526454448699951,5.494242191314697,-5.335054397583008,38.68246841430664,17.014726638793945,14.55036449432373,11.841419219970703,8.685991287231445,8.529752731323242,6.734604835510254,7.178913593292236,7.095243453979492,5.845890045166016,6.608225345611572,5.594552040100098,5.643772602081299,0.2865002453327179,0.7483999729156494,0.503441572189331,0.2585635483264923,0.27221864461898804,0.3042508661746979,0.46238380670547485,0.2997753322124481,0.36883988976478577,0.4095591902732849,0.24572335183620453,0.20086754858493805,20.965326532942772,16.403441310788097,21.336073448403443,20.38473685696224,20.745344714684993,17.265005623121844,48.88763411143391,3,love
Nina Simone,Feeling Good,0.698455239124634,0.6020546732992085,112.34714673913044,0.15016673505306244,0.06333683431148529,0.10510222503635179,0.21161803135888502,0.11130288862877467,-85.44786834716797,90.85823822021484,-19.11567497253418,17.791461944580078,-11.386154174804688,3.413893461227417,-13.760872840881348,-3.4210402965545654,-6.612220764160156,-4.427006721496582,-11.523444175720215,-2.0390732288360596,-6.281891822814941,53.817955017089844,30.35536003112793,18.078771591186523,14.672369003295898,13.041187286376953,9.199945449829102,11.333939552307129,10.005982398986816,9.00154972076416,8.96233081817627,8.8742094039917,8.95466136932373,8.68947982788086,0.3000624179840088,0.306546688079834,0.45295295119285583,0.2382352501153946,0.21560077369213104,0.2475380003452301,0.25423121452331543,0.4049299955368042,0.24518603086471558,0.2791879177093506,0.3276941478252411,0.2017875462770462,17.630698534672476,16.790536179654342,20.30936722251677,20.07095831280105,20.412275182628285,19.45530464457533,50.52135425345262,4,energetic
Jeff Buckley,Hallelujah,0.5152031116051417,0.6343799597504023,95.703125,0.10865958780050278,0.05141225829720497,0.07160453903473361,0.13722719254032256,0.07247101814516128,-198.10205078125,124.47027587890625,-18.94923210144043,27.63936424255371,14.150707244873047,-4.509470462799072,-5.328385829925537,0.037490785121917725,-18.685043334960938,-6.322857856750488,-4.897846698760986,-7.7154927253723145,-6.297830104827881,86.34392547607422,38.05535125732422,29.11474609375,16.809873580932617,19.0954647064209,12.929594993591309,11.613383293151855,10.281417846679688,9.822858810424805,10.977899551391602,9.882704734802246,10.093549728393555,9.394137382507324,0.4149612486362457,0.23019550740718842,0.24939490854740143,0.25096970796585083,0.2933492660522461,0.23054012656211853,0.23276560008525848,0.377539724111557,0.3337455987930298,0.2990485429763794,0.15634296834468842,0.2036966234445572,22.445622581158965,20.34718509602313,23.17867105140563,20.019058576335187,21.176856006394157,23.925051402057466,49.59834877259906,1,calm
Lana Del Rey,Video Games,0.6308529476847009,0.6162123828880144,117.45383522727273,0.20310014486312866,0.08743572235107422,0.07261091396441033,0.14360245040904293,0.062166690490851516,-120.66262817382812,136.19606018066406,2.2332420349121094,18.975004196166992,-1.0448613166809082,-0.8427184820175171,1.5259732007980347,-7.302945137023926,7.070302963256836,-9.133993148803711,-3.542036771774292,-8.292744636535645,-6.67196798324585,53.35295104980469,32.46085739135742,24.008502960205078,18.269987106323242,14.684653282165527,12.272183418273926,13.465045928955078,12.603694915771484,10.796290397644043,11.566995620727539,9.1360502243042,9.650581359863281,9.369755744934082,0.20483411848545074,0.39087778329849243,0.29423099756240845,0.18811166286468506,0.3331420421600342,0.2717188596725464,0.28710034489631653,0.17163699865341187,0.243981271982193,0.43177133798599243,0.29181182384490967,0.20331093668937683,19.198435199980928,18.653114672490595,19.99105034322196,20.84508758537239,19.724860632238983,20.023408715689946,47.90075855164383,2,focus
Daft Punk,Veridis Quo,0.5930965181122118,0.5982994779593782,107.666015625,0.18079699575901031,0.07801362127065659,0.05434369744192162,0.10308942351772617,0.04897078908160147,-137.65255737304688,148.72412109375,5.365167140960693,19.312498092651367,-1.5885182619094849,17.364913940429688,-3.010143756866455,1.8869575262069702,-6.730127334594727,3.1157779693603516,-2.017089366912842,3.546797752380371,-1.1753675937652588,39.65677261352539,19.211742401123047,19.690444946289062,15.5798978805542,13.45341968536377,14.497674942016602,11.427298545837402,11.827584266662598,11.408391952514648,11.093779563903809,9.8524751663208,9.2379789352417,8.483331680297852,0.39436328411102295,0.22246642410755157,0.3498965799808502,0.2201303392648697,0.4013652503490448,0.34109213948249817,0.28771287202835083,0.4518083930015564,0.3786906599998474,0.5870042443275452,0.28557634353637695,0.36452022194862366,17.301000476111646,16.296640910855256,22.662315803094597,22.512068694985604,22.011741219115866,19.5982534345725,50.58995974176528,2,focus
Explosions in the Sky,Your Hand in Mine,0.6234605831314656,0.6215235037359983,123.046875,0.14533831179141998,0.03242415562272072,0.07241374100033358,0.15614852345660146,0.05853256561353912,-135.5526580810547,109.0306396484375,-1.2815206050872803,53.40618896484375,44.0097541809082,9.402046203613281,3.2149786949157715,11.271305084228516,-13.274253845214844,-5.357713222503662,6.181248664855957,10.210006713867188,-2.698683977127075,33.17407989501953,21.044435501098633,12.46098804473877,6.718013763427734,8.604009628295898,6.5794219970703125,5.759576320648193,5.312292098999023,5.681962490081787,5.610240459442139,4.629687309265137,5.690497875213623,6.398446083068848,0.3643738627433777,0.34065747261047363,0.28902843594551086,0.47023382782936096,0.5410006046295166,0.33230942487716675,0.4393966495990753,0.2616008520126343,0.3751787543296814,0.35327044129371643,0.34984290599823,0.49175211787223816,20.138860760338986,17.234298120264185,19.94768304389042,19.643425845047798,21.195359104971587,18.29113018615125,46.35676879467241,3,love
Moby,Porcelain,0.6436165910226135,0.6243856900617142,95.703125,0.2519989609718323,0.07251405715942383,0.11505009507537806,0.25737021169354835,0.08666015625,-42.79615020751953,74.42365264892578,8.300867080688477,34.84169006347656,12.074931144714355,11.798593521118164,6.51259183883667,8.860038757324219,7.23483943939209,9.971919059753418,4.199742317199707,5.578094959259033,0.7387528419494629,41.48394012451172,26.69986915588379,19.215595245361328,17.677059173583984,11.587724685668945,10.061256408691406,10.282262802124023,9.358002662658691,8.542162895202637,7.5506672859191895,7.938714504241943,7.295471668243408,6.643857479095459,0.5125462412834167,0.4416329860687256,0.573806643486023,0.3952425718307495,0.3980677127838135,0.5308691263198853,0.39373496174812317,0.4147384464740753,0.44158124923706055,0.44789862632751465,0.4939418137073517,0.4428211748600006,21.305686104918795,15.542526383966889,18.34575288214541,18.133400825651638,16.626242565322002,16.229589941148546,45.817862443221365,3,love
Air,La Femme d'Argent,0.7170942818134025,0.6258166199981511,161.4990234375,0.2468746304512024,0.07326606661081314,0.07675637726213036,0.16588235427555167,0.07636412510888502,-82.49820709228516,118.21830749511719,6.939790725708008,31.900651931762695,6.176670551300049,14.729293823242188,-3.6140596866607666,6.368200302124023,1.2150599956512451,2.8474509716033936,-14.115711212158203,2.1832189559936523,-4.67949104309082,47.65328598022461,21.85084342956543,22.232725143432617,16.71759033203125,12.664305686950684,13.703872680664062,13.30798053741455,11.513779640197754,9.834403038024902,8.52656078338623,11.025262832641602,9.566581726074219,10.434518814086914,0.3457740247249603,0.2701056897640228,0.3896438181400299,0.26060932874679565,0.3029819428920746,0.26836296916007996,0.40016525983810425,0.21010549366474152,0.2167775183916092,0.47341638803482056,0.4111366271972656,0.5551573634147644,21.941835082299697,15.462547135663124,18.49205234019762,21.098990230724684,22.485739635221915,20.769320334530526,54.758602954443774,5,feel good
Boards of Canada,Roygbiv,0.5972479883446605,0.6266969461793721,83.35433467741936,0.19794130325317383,0.09871216863393784,0.07278880311482586,0.14853550523004766,0.07528488404556284,-103.3342056274414,144.76348876953125,-19.23533058166504,8.272330284118652,-0.1743265837430954,7.339105129241943,0.9626290798187256,3.1352179050445557,-2.666616678237915,6.4708170890808105,-0.6280730366706848,1.4518818855285645,-1.370033621788025,69.3094253540039,49.75099182128906,25.43437385559082,18.48596954345703,15.79501724243164,14.050371170043945,10.85543441772461,9.024459838867188,8.639531135559082,7.953202247619629,7.832986354827881,8.171377182006836,7.596470832824707,0.28174540400505066,0.3495217561721802,0.44604602456092834,0.2797396183013916,0.3584085702896118,0.26168981194496155,0.4443058967590332,0.31267455220222473,0.2600543797016144,0.4944990575313568,0.3118189573287964,0.4081701636314392,21.279049780713343,15.20784008249249,19.821372870857804,20.66427938434454,20.19037970495811,19.859009710863234,47.95595934988678,3,love
Hans Zimmer,Time,0.5247634283919226,0.5963077361260122,123.046875,0.12371014803647995,0.03725123777985573,0.03628565767579214,0.07432082970383275,0.03048780487804878,-197.04151916503906,182.15200805664062,-18.56230926513672,42.16655731201172,13.937122344970703,6.965475559234619,5.362959861755371,9.22452163696289,6.15499210357666,5.468725204467773,0.7303858399391174,4.303144454956055,2.2169575691223145,52.880191802978516,8.746748924255371,13.344508171081543,6.1412200927734375,9.459657669067383,4.968603610992432,6.487978935241699,4.462920665740967,5.653598785400391,5.119536399841309,4.793148517608643,4.518245220184326,4.669893264770508,0.4362611472606659,0.3863911032676697,0.46474897861480713,0.4096396267414093,0.4360721707344055,0.34411585330963135,0.5308972001075745,0.5732858180999756,0.4778986871242523,0.5918948650360107,0.4542084336280823,0.6179192066192627,16.49990933486434,14.980954028048329,18.626478607194706,18.2516200845073,18.714412562586677,20.11960454486841,48.85667011821173,0,blue
Max Richter,On the Nature of Daylight,0.3921243672582447,0.6498901233297485,112.34714673913044,0.07372875511646271,0.011366039514541626,0.041823609579125676,0.08994753103222997,0.02926710175304878,-272.94329833984375,165.9072265625,-22.178611755371094,43.948883056640625,13.115145683288574,7.306612491607666,9.664165496826172,11.571976661682129,-1.0666602849960327,3.5870378017425537,-0.9475372433662415,4.358451843261719,3.238409996032715,27.17861557006836,10.751361846923828,8.060678482055664,5.722860336303711,6.290962219238281,6.7415056228637695,7.440108299255371,6.3513641357421875,8.901659965515137,7.703314304351807,8.81467056274414,6.785387992858887,8.704599380493164,0.6461319923400879,0.47663235664367676,0.3134801387786865,0.42600902915000916,0.28921666741371155,0.44061893224716187,0.24597309529781342,0.33579912781715393,0.5696882605552673,0.40795353055000305,0.46951016783714294,0.46574679017066956,25.215304493390065,19.284697598613466,24.453740546124077,24.444590113509033,22.93754738941121,26.580287344372383,50.54600260943213,1,calm
Aphex Twin,Ageispolis,0.6108798492007991,0.6455262003121529,135.99917763157896,0.27786964178085327,0.06499696522951126,0.07731845544858884,0.19770797038327526,0.025264159589140533,-164.92591857910156,93.8938217163086,50.8287239074707,29.966726303100586,10.16549015045166,28.52402687072754,-4.019774436950684,17.17926597595215,-1.2428580522537231,11.375429153442383,-0.15462884306907654,5.257681846618652,-2.595978260040283,48.36215591430664,31.2462215423584,24.02069854736328,16.170936584472656,13.390933990478516,10.55260944366455,9.004831314086914,7.832766532897949,7.9436211585998535,8.343927383422852,7.531700134277344,6.655680179595947,7.215359687805176,0.3969184160232544,0.23939768970012665,0.18449202179908752,0.20584388077259064,0.2999904751777649,0.4906885623931885,0.2472948580980301,0.15129849314689636,0.2254493534564972,0.27405673265457153,0.34927016496658325,0.3922017812728882,24.139770669354764,16.768366061136074,17.475056139916553,17.25712418029571,15.129300005088194,15.83721385082251,50.826819395345694,3,love
Frank Sinatra,The Way You Look Tonight,0.683114349367719,0.6075065547093103,135.99917763157896,0.14042876660823822,0.06437961012125015,0.10801666863197032,0.24603959104602205,0.08928259518365272,-105.96862030029297,87.63082885742188,20.347095489501953,23.559669494628906,-8.113926887512207,10.470705032348633,2.0742931365966797,-13.507464408874512,-4.297037601470947,2.3732855319976807,-3.7823939323425293,4.048064231872559,-1.4933327436447144,56.148643493652344,20.53026580810547,22.485191345214844,13.454071044921875,15.919532775878906,8.980965614318848,9.71567153930664,10.185813903808594,8.326684951782227,9.509196281433105,7.879364490509033,7.468347549438477,6.893510341644287,0.28272607922554016,0.2590648829936981,0.3128306269645691,0.3077714443206787,0.25074249505996704,0.30746957659721375,0.26170167326927185,0.3280197083950043,0.35420355200767517,0.31895527243614197,0.36177077889442444,0.26926863193511963,18.264209655653325,16.060943619146325,20.920186487197604,19.821253698992706,19.55876449314235,18.910727579999033,47.822605936236506,2,focus
Marvin Gaye,Let's Get It On,0.7675115228511977,0.6130392603327978,172.265625,0.14153887331485748,0.053418997675180435,0.10493057024440158,0.22616586727087257,0.11053240740740741,-77.28156280517578,95.74701690673828,-3.355881690979004,27.03105926513672,5.322201728820801,10.669724464416504,-4.748767375946045,6.3980536460876465,-3.4553396701812744,7.012163162231445,-2.7967610359191895,0.5422003269195557,1.2696152925491333,50.207401275634766,26.7233829498291,19.152297973632812,11.860052108764648,9.819131851196289,8.853134155273438,8.144452095031738,7.162853717803955,7.073984622955322,7.792108535766602,8.118618965148926,7.964756965637207,6.463973522186279,0.4399552047252655,0.35614830255508423,0.3393175005912781,0.40454384684562683,0.32091695070266724,0.3869292438030243,0.38159409165382385,0.38133636116981506,0.44286635518074036,0.3800250291824341,0.49501749873161316,0.4026382267475128,19.184764691128166,14.822821992884645,18.622099935949812,18.448091383159174,18.88346777892112,18.896641552539492,49.806040569124136,4,energetic
Al Green,Let's Stay Together,0.5910367618778746,0.6341347109926181,103.359375,0.18592055141925812,0.07404065877199173,0.06637729827145455,0.14506518356199186,0.04956338242232869,-146.70211791992188,123.0871810913086,17.533031463623047,48.86073303222656,0.6180877089500427,8.814828872680664,4.696378231048584,8.659208297729492,-3.0104215145111084,0.7171162962913513,-4.165205955505371,0.08325989544391632,-9.119545936584473,81.31448364257812,31.283723831176758,22.561553955078125,12.747393608093262,14.696707725524902,9.603978157043457,9.884921073913574,8.554078102111816,10.074484825134277,9.6072359085083,7.885865688323975,8.668062210083008,7.434998035430908,0.394314706325531,0.43881937861442566,0.4402572214603424,0.36435166001319885,0.44211241602897644,0.399078905582428,0.29544228315353394,0.37447109818458557,0.3359195590019226,0.3789363205432892,0.2940678298473358,0.2529360055923462,23.051351131193215,16.42353436874639,19.516422105543842,20.466645574237496,18.191279258744082,18.737474449425726,57.128895018340444,3,love
John Legend,All of Me,0.5988181161691112,0.6202805348659433,135.99917763157896,0.10797842592000961,0.03402912616729736,0.09498293418796724,0.1974193321172066,0.08578110673899755,-162.96847534179688,97.9538803100586,1.4735647439956665,9.298068046569824,-2.6316843032836914,-4.199680328369141,-23.246492385864258,-10.523612976074219,-23.608997344970703,-7.578133583068848,-8.43154525756836,-10.941776275634766,-13.172613143920898,46.506690979003906,32.260318756103516,22.328317642211914,19.030447006225586,16.232345581054688,15.235681533813477,10.7039213180542,11.063936233520508,10.686079978942871,10.14246940612793,10.146467208862305,9.051863670349121,10.180923461914062,0.3362281322479248,0.25981172919273376,0.18970029056072235,0.30483129620552063,0.19376927614212036,0.27458593249320984,0.17040807008743286,0.2917962372303009,0.3957992494106293,0.20016184449195862,0.2583146095275879,0.18080486357212067,19.90850849158058,18.7633980490575,23.190571237807863,21.53294087106232,22.9434769316641,21.626445637038923,51.47102180541711,2,focus
Stevie Wonder,Isn't She Lovely,0.6857181753730813,0.6215128384499953,117.45383522727273,0.14537093043327332,0.05652035027742386,0.1029926349429488,0.23689027369341872,0.10458059577873734,-84.12183380126953,96.06088256835938,7.3341851234436035,21.836639404296875,-2.9495906829833984,12.84988021850586,-8.567266464233398,2.897300958633423,-8.565086364746094,1.838014841079712,-3.7362701892852783,-1.9068995714187622,-7.7253737449646,58.98236083984375,22.760194778442383,14.877754211425781,10.298462867736816,8.525735855102539,8.30030345916748,8.615113258361816,7.8102264404296875,8.056239128112793,8.747261047363281,6.855702877044678,6.74291467666626,8.506121635437012,0.3343304693698883,0.3909722566604614,0.271078884601593,0.40385687351226807,0.584454357624054,0.3461710214614868,0.41828614473342896,0.32320094108581543,0.44824254512786865,0.3814428150653839,0.36582618951797485,0.41723868250846863,20.229120376435276,13.832817829502469,18.128551687426427,19.54520841634569,19.15752812159664,18.15793745114431,48.57670352587047,4,energetic
Elvis Presley,Can't Help Falling in Love,0.5754465180893392,0.6250317328029978,103.359375,0.13729076087474823,0.04489099979400635,0.07053040927770653,0.14425111769244733,0.05917741807371096,-138.78843688964844,127.83560180664062,1.452538251876831,26.303796768188477,-4.876699447631836,2.231066942214966,-14.720129013061523,-3.1551339626312256,-22.457216262817383,-11.106990814208984,-15.289828300476074,-5.133264541625977,-7.203611373901367,47.7250862121582,25.81174659729004,18.331153869628906,10.901118278503418,15.148672103881836,9.312137603759766,9.438726425170898,9.37654972076416,8.82391357421875,9.248370170593262,9.445267677307129,8.415531158447266,7.6369147300720215,0.28056231141090393,0.4689626395702362,0.30870479345321655,0.18768027424812317,0.22401954233646393,0.2739979922771454,0.4517187178134918,0.34179651737213135,0.28140464425086975,0.3086686134338379,0.22469042241573334,0.28260383009910583,21.617631429688714,16.381350589487372,21.14781069760547,18.916359701140426,18.713859674244496,17.954784635250824,50.53466487725055,1,calm
Sam Cooke,You Send Me,0.6018793059122197,0.6061948241584845,95.703125,0.15067918598651886,0.039087146520614624,0.07412389605148541,0.14994896673387095,0.06456558719758064,-143.09657287597656,120.33966064453125,10.632833480834961,28.22600746154785,-10.86680793762207,5.320845603942871,-11.758091926574707,-4.599772930145264,-15.945877075195312,-1.943644642829895,-6.675807476043701,-0.8105657696723938,-7.565669059753418,53.017852783203125,29.972440719604492,24.82375717163086,15.204261779785156,12.15797233581543,13.3812255859375,11.436102867126465,9.712968826293945,12.738340377807617,11.129130363464355,8.847100257873535,10.138465881347656,8.357474327087402,0.1834404170513153,0.1906503587961197,0.36895251274108887,0.3635508716106415,0.6581827402114868,0.27092868089675903,0.3061629831790924,0.45142775774002075,0.2047210931777954,0.20683051645755768,0.15078142285346985,0.23888003826141357,19.299231376600996,18.166956116795276,22.652641547129942,20.117569807028502,19.090091112381128,19.09878346742094,48.959602005854194,2,focus
Luther Vandross,A House Is Not a Home,0.4001418857852888,0.6278947697109918,107.666015625,0.055181048810482025,0.02400480955839157,0.076848405025462,0.15436825044508995,0.06512442021176912,-255.94140625,116.97013092041016,12.764694213867188,18.325820922851562,23.825082778930664,10.59907054901123,-3.985339879989624,0.4350527226924896,5.952240467071533,8.218170166015625,-7.311436176300049,0.6534752249717712,-7.746628284454346,91.85712432861328,29.953760147094727,28.426376342773438,12.285392761230469,19.420181274414062,9.86426830291748,11.441092491149902,11.03534984588623,10.072690963745117,8.748830795288086,12.378669738769531,7.2175517082214355,7.663731575012207,0.24719414114952087,0.33363184332847595,0.4048648178577423,0.41786515712738037,0.30439916253089905,0.17912043631076813,0.2907007932662964,0.2326374351978302,0.24910345673561096,0.3134622275829315,0.31308674812316895,0.2820759415626526,21.947286583766136,17.636227264997288,21.317377533500522,20.33349448777292,23.02540833285986,20.39665749087699,48.04144361719139,1,calm
Nirvana,Smells Like Teen Spirit,0.7412100341833485,0.614187131428445,117.45383522727273,0.23890577256679535,0.0668192133307457,0.12255075367146863,0.24843931475029035,0.13369804143074912,-11.766176223754883,68.63249969482422,-8.009567260742188,37.32556915283203,8.432205200195312,15.043941497802734,3.119633197784424,6.985193729400635,6.006646633148193,9.665247917175293,1.5231823921203613,6.3963942527771,-4.351948261260986,59.896060943603516,23.238323211669922,18.657299041748047,12.343174934387207,9.625575065612793,8.288544654846191,10.079121589660645,7.832553863525391,7.189040184020996,7.691160678863525,7.104846000671387,6.3684892654418945,6.163929462432861,0.5245055556297302,0.41601017117500305,0.47497209906578064,0.4077832102775574,0.39365217089653015,0.471948504447937,0.41607704758644104,0.5934128761291504,0.5671337842941284,0.46836578845977783,0.43025144934654236,0.4222777187824249,19.505382035661658,14.502379308463029,18.46537888734916,17.966779107372396,17.45873011343815,16.559999672467715,49.42509296635677,4,energetic
Led Zeppelin,Whole Lotta Love,0.5953688829082089,0.6163525279588082,117.45383522727273,0.08703593164682388,0.027499957010149956,0.11070907264263002,0.22208358681267076,0.13716867582394127,-87.84332275390625,93.2452621459961,-24.738616943359375,17.102264404296875,-6.999878406524658,2.0209436416625977,-7.702587127685547,-4.985897064208984,-12.872344970703125,-4.087436676025391,-6.852521896362305,-4.671114444732666,-10.755330085754395,50.263427734375,26.726102828979492,24.670543670654297,12.76552963256836,9.853339195251465,9.219614028930664,7.2185282707214355,6.707766532897949,6.318767070770264,7.800291061401367,6.912598133087158,6.376098155975342,6.093505382537842,0.47272345423698425,0.445886492729187,0.5066973567008972,0.49484649300575256,0.47524771094322205,0.5367909669876099,0.6337536573410034,0.615666389465332,0.4906598627567291,0.40808990597724915,0.3801918923854828,0.4501120448112488,19.750866118643632,11.739935873628927,14.082095513911444,15.070069137794404,16.20005963148315,17.178215199560892,48.586959939681144,2,focus
AC/DC,Thunderstruck,0.7465322469693256,0.6199220004703088,135.99917763157896,0.24342766404151917,0.0467468723654747,0.12045450820564536,0.2541198922041745,0.11729784604519775,-3.4874279499053955,73.65216827392578,-10.87981128692627,35.77510452270508,13.201000213623047,12.805713653564453,-2.300354480743408,8.541695594787598,2.0135443210601807,3.525319814682007,6.599155902862549,4.992337226867676,-2.4441795349121094,42.024688720703125,16.67186164855957,17.49873161315918,17.400583267211914,9.523189544677734,9.76369571685791,7.426966667175293,7.071011066436768,6.91205358505249,6.714598178863525,8.92046070098877,6.729409694671631,6.512146472930908,0.545527458190918,0.3604225218296051,0.30731862783432007,0.39839255809783936,0.3486063778400421,0.38029706478118896,0.7757433652877808,0.4024880528450012,0.25916925072669983,0.3077026307582855,0.47508683800697327,0.6737629771232605,19.899676052393836,15.481257748015667,16.784000439105245,15.41341429071217,16.577617239890508,16.244893196565076,48.589450413003505,4,energetic
Metallica,Enter Sandman,0.7803656516756862,0.6076179846122087,123.046875,0.1854122132062912,0.032302405685186386,0.1526511305856204,0.3188295717592593,0.16656631547294845,-11.364291191101074,49.99586486816406,5.674030303955078,34.4864501953125,13.129136085510254,7.930447578430176,8.537294387817383,10.443589210510254,0.2914857864379883,6.451171398162842,-0.1813935935497284,4.866349220275879,0.9108364582061768,32.19440841674805,16.615110397338867,16.20066261291504,12.841668128967285,10.578771591186523,11.358136177062988,11.137207984924316,7.714881420135498,7.598760604858398,6.334708213806152,5.82622766494751,7.053609848022461,6.240906238555908,0.5162115097045898,0.470297634601593,0.41724708676338196,0.40592172741889954,0.5233651399612427,0.4740537106990814,0.517423689365387,0.4360837936401367,0.39527711272239685,0.3854435682296753,0.41771599650382996,0.5245950818061829,18.396032728289413,13.950596597142656,17.2522641257953,15.84994875245966,15.77089425714796,16.30003258830959,47.05523149656396,4,energetic
The Clash,London Calling,0.7292514778963085,0.6202575998241319,135.99917763157896,0.21494188904762268,0.051572397351264954,0.11485481463429097,0.25894274916521487,0.10559720029398954,-23.048221588134766,88.55125427246094,-0.09066169708967209,15.150323867797852,2.8405938148498535,2.663313388824463,-9.745388984680176,10.578567504882812,-1.3784204721450806,9.838825225830078,-0.47866496443748474,3.673722982406616,-2.7374331951141357,38.01344680786133,21.01785659790039,16.394203186035156,12.763005256652832,11.200013160705566,8.10389518737793,9.704887390136719,7.96245813369751,8.403958320617676,6.827087879180908,7.977950572967529,6.587061405181885,6.495197772979736,0.38162851333618164,0.27815768122673035,0.35075005888938904,0.30913710594177246,0.3289083242416382,0.3305820822715759,0.42402300238609314,0.4681311845779419,0.3313136398792267,0.3351544141769409,0.3605504631996155,0.5161843299865723,20.565880687236447,14.59842205903606,17.672908679636517,17.192937473304287,17.03400406709977,16.198040248100252,50.21494803330519,4,energetic
Rage Against the Machine,Killing in the Name,0.8418870697985701,0.6124613684197614,172.265625,0.14656807482242584,0.04077998548746109,0.1383215257096992,0.2819932761695421,0.15643079690610484,-50.444766998291016,60.03829574584961,3.885624647140503,37.686824798583984,8.819926261901855,8.181819915771484,4.408178806304932,8.559029579162598,1.7141227722167969,-0.12321151047945023,0.3911358118057251,2.221365451812744,-4.455256462097168,52.54925537109375,26.42449951171875,20.591381072998047,12.471037864685059,11.582145690917969,9.425945281982422,9.05756664276123,8.154374122619629,7.293238162994385,6.756343841552734,5.989143371582031,5.746873378753662,5.2500152587890625,0.4741850793361664,0.4923306405544281,0.5842316150665283,0.4922637939453125,0.42839571833610535,0.41909095644950867,0.409465491771698,0.4437980353832245,0.4495220482349396,0.47478726506233215,0.39858317375183105,0.38333484530448914,19.240807237791767,14.04128994293224,16.40533537246008,16.1376695519322,15.64500544647682,16.550854828144725,48.31966452338642,4,energetic
Black Sabbath,Paranoid,0.6955129236913246,0.6222790779897089,161.4990234375,0.13923193514347076,0.025505220517516136,0.09613388934175798,0.2089727273618958,0.07466227979833648,-89.880859375,95.18486785888672,-3.8202953338623047,43.61827087402344,6.577857494354248,5.400594234466553,-1.709242820739746,8.040423393249512,2.64827561378479,9.265315055847168,1.4289534091949463,9.858345031738281,-1.7742893695831299,43.29246520996094,23.638479232788086,15.080439567565918,10.853777885437012,9.8914213180542,7.473222732543945,6.577376842498779,5.702205657958984,6.636806488037109,5.378314971923828,5.260986328125,5.892318248748779,6.084910869598389,0.31638482213020325,0.3593636155128479,0.5262327790260315,0.5195243954658508,0.7004403471946716,0.5018996596336365,0.4027455151081085,0.4251190721988678,0.4108875095844269,0.4409286677837372,0.3615075647830963,0.40404051542282104,20.927519739861424,13.8954739019748,16.754943445063716,16.921286682679575,16.588279717855265,17.778972862035413,49.267708467826616,5,feel good
Guns N Roses,Welcome to the Jungle,0.7621482127479332,0.6176806209654738,123.046875,0.14591968059539795,0.036854278296232224,0.12366215175112681,0.23926304720071473,0.158507319274866,-30.95569610595703,74.89017486572266,-22.75206184387207,33.46487045288086,-4.664358139038086,10.683762550354004,4.655464172363281,1.5015102624893188,-3.650560140609741,0.3873029947280884,-0.6954190731048584,-0.9837252497673035,-4.549550533294678,30.426820755004883,16.599519729614258,14.681654930114746,12.419812202453613,9.341934204101562,8.430953025817871,8.798238754272461,7.918957710266113,7.984419345855713,8.126646041870117,7.304011344909668,6.563109397888184,6.656041622161865,0.4015248119831085,0.4369916617870331,0.44446831941604614,0.5650551319122314,0.514867901802063,0.4506964385509491,0.45890694856643677,0.4898386597633362,0.5438027381896973,0.48809322714805603,0.4605441689491272,0.3614627718925476,19.89008250408624,13.947292780297271,15.559001469701144,16.31228864553603,16.058354154721812,17.837797524663703,47.88916395457051,4,energetic
Michael Jackson,Don't Stop 'Til You Get Enough,0.7665892302086881,0.6018856256577909,117.45383522727273,0.2048943042755127,0.0830395296216011,0.13469492455926363,0.28443176634041145,0.1508280368696085,-25.95084571838379,68.42826843261719,1.5502359867095947,23.144378662109375,1.8222050666809082,8.277726173400879,-4.520350933074951,5.553438186645508,-1.7099084854125977,3.2156238555908203,-6.970879554748535,2.712939977645874,-0.6613681316375732,51.53610610961914,22.6413516998291,17.35416030883789,12.748433113098145,10.335245132446289,9.649248123168945,9.43264389038086,8.736201286315918,8.801483154296875,7.728909969329834,8.539586067199707,8.47253131866455,8.671821594238281,0.4818520247936249,0.44153058528900146,0.37476250529289246,0.40766802430152893,0.3716470003128052,0.3256792724132538,0.4753539562225342,0.30585893988609314,0.3748035728931427,0.4802282154560089,0.436567097902298,0.6342391967773438,17.145431049543653,13.831181940643976,17.673347430226155,17.96221232203699,17.72331218750852,17.43989890573137,49.9280654201398,4,energetic
Daft Punk,Get Lucky,0.6631933395376095,0.6032660356970954,117.45383522727273,0.24058066308498383,0.08647516369819641,0.10034829292653047,0.23271356415649197,0.08018107411405599,-75.44315338134766,92.24102783203125,21.201007843017578,26.977136611938477,16.759431838989258,10.702024459838867,2.9218196868896484,5.9647321701049805,-0.4281105399131775,4.582261085510254,-3.1149802207946777,1.6834721565246582,-4.55778169631958,54.838478088378906,29.318546295166016,22.32916259765625,19.553909301757812,14.305296897888184,12.311491012573242,12.521705627441406,8.713235855102539,10.308345794677734,9.052597045898438,8.697896957397461,7.819437503814697,8.476778030395508,0.33771196007728577,0.4108472168445587,0.45027485489845276,0.3696075975894928,0.3604886829853058,0.33768951892852783,0.48057830333709717,0.34200042486190796,0.3952283263206482,0.46592316031455994,0.37631914019584656,0.4064459502696991,17.776614523600045,15.092603619470744,19.76131435375951,19.008545909206877,18.470000347719196,18.292542537851816,48.71933272330184,2,focus
Bruno Mars,Uptown Funk,0.7583163790185813,0.6056656362710228,117.45383522727273,0.17179617285728455,0.10172512382268906,0.12763319887939112,0.2600518485444682,0.1453842498853912,-82.41895294189453,68.22547149658203,-6.994936943054199,15.026412963867188,-0.1915474236011505,15.6835355758667,0.28214970231056213,6.32680082321167,3.011364221572876,6.149465560913086,7.732947826385498,6.643162727355957,2.0603461265563965,86.10042572021484,32.842445373535156,25.09400749206543,19.43766212463379,18.01387596130371,12.632468223571777,13.827818870544434,11.607248306274414,10.222126007080078,9.158344268798828,9.81643009185791,9.268420219421387,9.849137306213379,0.5383806824684143,0.44712045788764954,0.4692729711532593,0.46526584029197693,0.4592501223087311,0.5387467741966248,0.4371859133243561,0.44308358430862427,0.39842018485069275,0.42179232835769653,0.3994039297103882,0.4261971414089203,17.885834369189464,14.090887483114697,17.71242870583456,16.738830293349665,17.703454061382484,16.778966800765893,49.40840527106475,4,energetic
Pharrell Williams,Happy,0.7762647424908405,0.6210480521987998,161.4990234375,0.188951313495636,0.06800766289234161,0.12559939058359504,0.28663243314567205,0.10975229261963405,-67.4065170288086,76.28125762939453,5.066043853759766,7.070084571838379,13.469550132751465,-4.364305019378662,-7.274284362792969,5.382708549499512,-0.5361818075180054,-0.20469267666339874,-7.466055870056152,6.567019462585449,-6.1462273597717285,61.28041076660156,25.291852951049805,30.191347122192383,18.679048538208008,14.771025657653809,13.923447608947754,12.014021873474121,9.711943626403809,9.664374351501465,10.359371185302734,8.426314353942871,7.9123687744140625,7.422250270843506,0.4375901222229004,0.2888961434364319,0.3307885229587555,0.4875766634941101,0.47103986144065857,0.5495005249977112,0.34537920355796814,0.36323922872543335,0.3237762153148651,0.30693507194519043,0.29298099875450134,0.2806141674518585,20.724406976312295,15.807621831574664,18.49997510026047,17.262612162003748,19.086125895662928,18.365130727530094,46.831235097676014,4,energetic
Earth Wind and Fire,September,0.676083641772565,0.6141964682852965,129.19921875,0.11683967709541321,0.04426746442914009,0.11478482041286275,0.24079920614919356,0.13141759072580644,-82.1382827758789,85.93802642822266,-14.917661666870117,21.176023483276367,0.5004248023033142,10.45908260345459,-0.11077479273080826,10.025346755981445,-7.244178295135498,8.326349258422852,1.1586328744888306,1.6816245317459106,-1.396470069885254,59.80281066894531,23.157066345214844,17.653419494628906,11.746763229370117,11.295431137084961,8.8319673538208,8.924625396728516,7.786139488220215,8.892481803894043,7.430532932281494,7.359691619873047,6.961063385009766,6.928755283355713,0.3669263422489166,0.44923946261405945,0.322452574968338,0.306600421667099,0.4550967812538147,0.37562987208366394,0.44227364659309387,0.3844422996044159,0.4359182119369507,0.537520170211792,0.34915298223495483,0.42400237917900085,19.28443883097656,14.262185023423017,17.07497842903922,17.58693255012455,18.283558845928713,18.525559963379514,50.054289691242886,2,focus
Kool and the Gang,Celebration,0.6125087171034087,0.6164025179549817,123.046875,0.08482985198497772,0.053587596863508224,0.12134358446358706,0.23615014517569982,0.14519925597453842,-132.3167266845703,72.41861724853516,-29.617666244506836,23.10930061340332,11.636824607849121,5.16530704498291,1.0828927755355835,12.262391090393066,-3.120063304901123,6.917028903961182,-0.44687047600746155,3.6028192043304443,-2.686295509338379,69.12120056152344,30.749942779541016,20.213104248046875,15.546897888183594,12.559764862060547,11.47951602935791,12.131643295288086,9.272465705871582,10.56464958190918,9.480250358581543,8.809192657470703,7.703803539276123,7.081119537353516,0.40368762612342834,0.40476492047309875,0.40401285886764526,0.5820654034614563,0.4003203809261322,0.4594845771789551,0.44429638981819153,0.41776546835899353,0.5670735239982605,0.42377468943595886,0.45536181330680847,0.31976407766342163,19.45526241342333,15.859545373258534,18.927222631137447,18.282983996197043,18.10858728281113,18.642839871189263,47.89230192556978,2,focus
Stevie Wonder,Superstition,0.5645325513568048,0.6218805944370117,99.38401442307692,0.11032331734895706,0.03800365701317787,0.09805641440644935,0.20558877268145162,0.09646389868951613,-101.6445541381836,101.64288330078125,-13.645522117614746,19.918731689453125,-2.6408824920654297,7.111706256866455,3.686800956726074,7.1269917488098145,2.950700044631958,9.29279899597168,1.974675178527832,7.148000717163086,0.4596393406391144,51.072845458984375,23.432018280029297,16.768768310546875,10.886781692504883,11.291189193725586,9.151581764221191,8.861551284790039,6.848787307739258,8.010868072509766,7.8336710929870605,7.235818386077881,6.4689812660217285,7.284906387329102,0.30096930265426636,0.36551740765571594,0.3944246172904968,0.5438803434371948,0.35824280977249146,0.4481251537799835,0.43248945474624634,0.4348476231098175,0.4177842140197754,0.3553875982761383,0.4789823293685913,0.2975383996963501,20.60926416748959,14.4341565358981,17.412575892503664,17.519119640556134,18.094019098922537,18.247744368216207,48.150910118953625,1,calm
Prince,Kiss,0.5777894134735668,0.6112707201061502,112.34714673913044,0.07142265141010284,0.05283481627702713,0.14205280024877096,0.2892062622495644,0.15307560476553425,-210.7836151123047,49.7484130859375,4.271808624267578,20.334535598754883,-0.5269671678543091,5.21992826461792,0.3761533796787262,-0.4281502068042755,-4.290446758270264,4.473552227020264,-1.6148972511291504,1.384538173675537,-2.0014350414276123,134.68931579589844,39.29534912109375,26.78421401977539,21.096576690673828,19.374380111694336,14.160863876342773,12.66793155670166,12.747605323791504,12.08403491973877,10.214288711547852,9.977250099182129,10.407084465026855,10.468911170959473,0.398284375667572,0.3818642199039459,0.3682655096054077,0.35666683316230774,0.3825090825557709,0.34559571743011475,0.3467249870300293,0.41878849267959595,0.43752729892730713,0.5342431664466858,0.4764403700828552,0.4370537996292114,19.141306748186302,13.563330545388974,19.134300166928345,17.350444285431042,16.90378788020717,16.547314400527075,47.13376115598482,0,blue
